[
  {
    "_id": "fcd8f470-7196-11e8-acc8-3369216dcfa0",
    "_type": "dashboard",
    "_source": {
      "title": "Go Hunt This",
      "hits": 0,
      "description": "",
      "panelsJSON": "[{\"panelIndex\":\"1\",\"gridData\":{\"x\":0,\"y\":0,\"w\":4,\"h\":3,\"i\":\"1\"},\"embeddableConfig\":{\"vis\":{\"params\":{\"sort\":{\"columnIndex\":1,\"direction\":\"asc\"}}}},\"id\":\"e9911970-7190-11e8-acc8-3369216dcfa0\",\"type\":\"visualization\",\"version\":\"6.2.4\"},{\"panelIndex\":\"2\",\"gridData\":{\"x\":4,\"y\":0,\"w\":8,\"h\":3,\"i\":\"2\"},\"id\":\"824cb0d0-7195-11e8-acc8-3369216dcfa0\",\"type\":\"visualization\",\"version\":\"6.2.4\"},{\"panelIndex\":\"3\",\"gridData\":{\"x\":0,\"y\":3,\"w\":6,\"h\":3,\"i\":\"3\"},\"id\":\"de8727c0-7197-11e8-acc8-3369216dcfa0\",\"type\":\"visualization\",\"version\":\"6.2.4\"},{\"panelIndex\":\"4\",\"gridData\":{\"x\":6,\"y\":3,\"w\":6,\"h\":3,\"i\":\"4\"},\"id\":\"e6d7cc30-7198-11e8-acc8-3369216dcfa0\",\"type\":\"visualization\",\"version\":\"6.2.4\"},{\"panelIndex\":\"5\",\"gridData\":{\"x\":0,\"y\":6,\"w\":6,\"h\":3,\"i\":\"5\"},\"version\":\"6.2.4\",\"type\":\"visualization\",\"id\":\"bd25e6c0-77af-11e8-acc8-3369216dcfa0\"}]",
      "optionsJSON": "{\"darkTheme\":false,\"hidePanelTitles\":false,\"useMargins\":true}",
      "version": 1,
      "timeRestore": false,
      "kibanaSavedObjectMeta": {
        "searchSourceJSON": "{\"query\":{\"language\":\"lucene\",\"query\":\"\"},\"filter\":[],\"highlightAll\":true,\"version\":true}"
      }
    }
  }
]