[
  {
    "_id": "824cb0d0-7195-11e8-acc8-3369216dcfa0",
    "_type": "visualization",
    "_source": {
      "title": "Unique CmdLine Arguments (Hunt The Low)",
      "visState": "{\"aggs\":[{\"enabled\":true,\"id\":\"1\",\"params\":{},\"schema\":\"metric\",\"type\":\"count\"},{\"enabled\":true,\"id\":\"2\",\"params\":{\"field\":\"event.process.keyword\",\"missingBucket\":false,\"missingBucketLabel\":\"Missing\",\"order\":\"asc\",\"orderBy\":\"1\",\"otherBucket\":false,\"otherBucketLabel\":\"Other\",\"size\":30},\"schema\":\"segment\",\"type\":\"terms\"},{\"enabled\":true,\"id\":\"3\",\"params\":{\"field\":\"event.CommandLine.keyword\",\"missingBucket\":false,\"missingBucketLabel\":\"Missing\",\"order\":\"asc\",\"orderBy\":\"1\",\"otherBucket\":false,\"otherBucketLabel\":\"Other\",\"size\":35},\"schema\":\"group\",\"type\":\"terms\"},{\"enabled\":true,\"id\":\"4\",\"params\":{\"exclude\":\"true\",\"field\":\"investigated.keyword\",\"missingBucket\":false,\"missingBucketLabel\":\"Missing\",\"order\":\"desc\",\"orderBy\":\"1\",\"otherBucket\":false,\"otherBucketLabel\":\"Other\",\"row\":true,\"size\":5},\"schema\":\"split\",\"type\":\"terms\"}],\"params\":{\"addLegend\":true,\"addTimeMarker\":false,\"addTooltip\":true,\"categoryAxes\":[{\"id\":\"CategoryAxis-1\",\"labels\":{\"show\":true,\"truncate\":100},\"position\":\"bottom\",\"scale\":{\"type\":\"linear\"},\"show\":true,\"style\":{},\"title\":{},\"type\":\"category\"}],\"grid\":{\"categoryLines\":false,\"style\":{\"color\":\"#eee\"}},\"legendPosition\":\"right\",\"seriesParams\":[{\"data\":{\"id\":\"1\",\"label\":\"Count\"},\"drawLinesBetweenPoints\":true,\"mode\":\"stacked\",\"show\":\"true\",\"showCircles\":true,\"type\":\"histogram\",\"valueAxis\":\"ValueAxis-1\"}],\"times\":[],\"type\":\"histogram\",\"valueAxes\":[{\"id\":\"ValueAxis-1\",\"labels\":{\"filter\":false,\"rotate\":0,\"show\":true,\"truncate\":100},\"name\":\"LeftAxis-1\",\"position\":\"left\",\"scale\":{\"mode\":\"normal\",\"type\":\"linear\"},\"show\":true,\"style\":{},\"title\":{\"text\":\"Count\"},\"type\":\"value\"}]},\"title\":\"Unique CmdLine Arguments (Hunt The Low)\",\"type\":\"histogram\"}",
      "uiStateJSON": "{}",
      "description": "",
      "version": 1,
      "kibanaSavedObjectMeta": {
        "searchSourceJSON": "{\"index\":\"513fea60-7191-11e8-acc8-3369216dcfa0\",\"filter\":[],\"query\":{\"language\":\"lucene\",\"query\":\"\"}}"
      }
    }
  },
  {
    "_id": "de8727c0-7197-11e8-acc8-3369216dcfa0",
    "_type": "visualization",
    "_source": {
      "title": "Hooked Processes by System",
      "visState": "{\"aggs\":[{\"enabled\":true,\"id\":\"1\",\"params\":{},\"schema\":\"metric\",\"type\":\"count\"},{\"enabled\":true,\"id\":\"2\",\"params\":{\"exclude\":\"win32k.sys|ntoskrnl.exe\",\"field\":\"event.Owner.keyword\",\"missingBucket\":false,\"missingBucketLabel\":\"Missing\",\"order\":\"desc\",\"orderBy\":\"1\",\"otherBucket\":false,\"otherBucketLabel\":\"Other\",\"size\":5},\"schema\":\"segment\",\"type\":\"terms\"},{\"enabled\":true,\"id\":\"3\",\"params\":{\"field\":\"host.hostname.keyword\",\"missingBucket\":false,\"missingBucketLabel\":\"Missing\",\"order\":\"desc\",\"orderBy\":\"1\",\"otherBucket\":false,\"otherBucketLabel\":\"Other\",\"size\":5},\"schema\":\"group\",\"type\":\"terms\"},{\"enabled\":true,\"id\":\"4\",\"params\":{\"exclude\":\"true\",\"field\":\"investigated.keyword\",\"missingBucket\":false,\"missingBucketLabel\":\"Missing\",\"order\":\"desc\",\"orderBy\":\"1\",\"otherBucket\":false,\"otherBucketLabel\":\"Other\",\"row\":true,\"size\":5},\"schema\":\"split\",\"type\":\"terms\"}],\"params\":{\"addLegend\":true,\"addTimeMarker\":false,\"addTooltip\":true,\"categoryAxes\":[{\"id\":\"CategoryAxis-1\",\"labels\":{\"show\":true,\"truncate\":100},\"position\":\"bottom\",\"scale\":{\"type\":\"linear\"},\"show\":true,\"style\":{},\"title\":{},\"type\":\"category\"}],\"grid\":{\"categoryLines\":false,\"style\":{\"color\":\"#eee\"}},\"legendPosition\":\"right\",\"seriesParams\":[{\"data\":{\"id\":\"1\",\"label\":\"Count\"},\"drawLinesBetweenPoints\":true,\"mode\":\"stacked\",\"show\":\"true\",\"showCircles\":true,\"type\":\"histogram\",\"valueAxis\":\"ValueAxis-1\"}],\"times\":[],\"type\":\"histogram\",\"valueAxes\":[{\"id\":\"ValueAxis-1\",\"labels\":{\"filter\":false,\"rotate\":0,\"show\":true,\"truncate\":100},\"name\":\"LeftAxis-1\",\"position\":\"left\",\"scale\":{\"mode\":\"normal\",\"type\":\"linear\"},\"show\":true,\"style\":{},\"title\":{\"text\":\"Count\"},\"type\":\"value\"}]},\"title\":\"Hooked Processes by System\",\"type\":\"histogram\"}",
      "uiStateJSON": "{}",
      "description": "",
      "version": 1,
      "kibanaSavedObjectMeta": {
        "searchSourceJSON": "{\"index\":\"68cd1ef0-7191-11e8-acc8-3369216dcfa0\",\"filter\":[],\"query\":{\"language\":\"lucene\",\"query\":\"\"}}"
      }
    }
  },
  {
    "_id": "e9911970-7190-11e8-acc8-3369216dcfa0",
    "_type": "visualization",
    "_source": {
      "title": "MZ Headers By Host And Process",
      "visState": "{\"aggs\":[{\"enabled\":true,\"id\":\"1\",\"params\":{},\"schema\":\"metric\",\"type\":\"count\"},{\"enabled\":true,\"id\":\"3\",\"params\":{\"field\":\"host.hostname.keyword\",\"missingBucket\":false,\"missingBucketLabel\":\"Missing\",\"order\":\"desc\",\"orderBy\":\"1\",\"otherBucket\":false,\"otherBucketLabel\":\"Other\",\"size\":5},\"schema\":\"bucket\",\"type\":\"terms\"},{\"enabled\":true,\"id\":\"4\",\"params\":{\"field\":\"event.process.keyword\",\"missingBucket\":false,\"missingBucketLabel\":\"Missing\",\"order\":\"desc\",\"orderBy\":\"1\",\"otherBucket\":false,\"otherBucketLabel\":\"Other\",\"size\":5},\"schema\":\"bucket\",\"type\":\"terms\"},{\"enabled\":true,\"id\":\"2\",\"params\":{\"field\":\"event.Data.keyword\",\"include\":\".*4d5a.*\",\"missingBucket\":false,\"missingBucketLabel\":\"Missing\",\"order\":\"desc\",\"orderBy\":\"1\",\"otherBucket\":false,\"otherBucketLabel\":\"Other\",\"size\":5},\"schema\":\"bucket\",\"type\":\"terms\"},{\"enabled\":true,\"id\":\"5\",\"params\":{\"exclude\":\"true\",\"field\":\"investigated.keyword\",\"missingBucket\":false,\"missingBucketLabel\":\"Missing\",\"order\":\"desc\",\"orderBy\":\"1\",\"otherBucket\":false,\"otherBucketLabel\":\"Other\",\"size\":5},\"schema\":\"bucket\",\"type\":\"terms\"}],\"params\":{\"perPage\":10,\"showMeticsAtAllLevels\":false,\"showPartialRows\":false,\"showTotal\":false,\"sort\":{\"columnIndex\":null,\"direction\":null},\"totalFunc\":\"sum\"},\"title\":\"MZ Headers By Host And Process\",\"type\":\"table\"}",
      "uiStateJSON": "{\"vis\":{\"params\":{\"sort\":{\"columnIndex\":null,\"direction\":null}}}}",
      "description": "",
      "version": 1,
      "kibanaSavedObjectMeta": {
        "searchSourceJSON": "{\"index\":\"22183040-7190-11e8-acc8-3369216dcfa0\",\"filter\":[],\"query\":{\"language\":\"lucene\",\"query\":\"\"}}"
      }
    }
  },
  {
    "_id": "e6d7cc30-7198-11e8-acc8-3369216dcfa0",
    "_type": "visualization",
    "_source": {
      "title": "Rarest Process Names Including Hidden Processes",
      "visState": "{\"aggs\":[{\"enabled\":true,\"id\":\"1\",\"params\":{},\"schema\":\"metric\",\"type\":\"count\"},{\"enabled\":true,\"id\":\"2\",\"params\":{\"field\":\"event.Process.keyword\",\"missingBucket\":false,\"missingBucketLabel\":\"Missing\",\"order\":\"asc\",\"orderBy\":\"1\",\"otherBucket\":false,\"otherBucketLabel\":\"Other\",\"size\":12},\"schema\":\"segment\",\"type\":\"terms\"}],\"params\":{\"maxFontSize\":72,\"minFontSize\":18,\"orientation\":\"single\",\"scale\":\"linear\"},\"title\":\"Rarest Process Names Including Hidden Processes\",\"type\":\"tagcloud\"}",
      "uiStateJSON": "{}",
      "description": "",
      "version": 1,
      "kibanaSavedObjectMeta": {
        "searchSourceJSON": "{\"index\":\"5ce135e0-7191-11e8-acc8-3369216dcfa0\",\"filter\":[{\"meta\":{\"index\":\"5ce135e0-7191-11e8-acc8-3369216dcfa0\",\"negate\":true,\"disabled\":false,\"alias\":null,\"type\":\"phrase\",\"key\":\"investigated.keyword\",\"value\":\"true\",\"params\":{\"query\":\"true\",\"type\":\"phrase\"}},\"query\":{\"match\":{\"investigated.keyword\":{\"query\":\"true\",\"type\":\"phrase\"}}},\"$state\":{\"store\":\"appState\"}}],\"query\":{\"language\":\"lucene\",\"query\":\"\"}}"
      }
    }
  },
  {
    "_id": "bd25e6c0-77af-11e8-acc8-3369216dcfa0",
    "_type": "visualization",
    "_source": {
      "title": "Unique Mutexes",
      "visState": "{\"title\":\"Unique Mutexes\",\"type\":\"histogram\",\"params\":{\"type\":\"histogram\",\"grid\":{\"categoryLines\":false,\"style\":{\"color\":\"#eee\"}},\"categoryAxes\":[{\"id\":\"CategoryAxis-1\",\"type\":\"category\",\"position\":\"bottom\",\"show\":true,\"style\":{},\"scale\":{\"type\":\"linear\"},\"labels\":{\"show\":true,\"truncate\":100},\"title\":{}}],\"valueAxes\":[{\"id\":\"ValueAxis-1\",\"name\":\"LeftAxis-1\",\"type\":\"value\",\"position\":\"left\",\"show\":true,\"style\":{},\"scale\":{\"type\":\"linear\",\"mode\":\"normal\"},\"labels\":{\"show\":true,\"rotate\":0,\"filter\":false,\"truncate\":100},\"title\":{\"text\":\"Count\"}}],\"seriesParams\":[{\"show\":\"true\",\"type\":\"histogram\",\"mode\":\"stacked\",\"data\":{\"label\":\"Count\",\"id\":\"1\"},\"valueAxis\":\"ValueAxis-1\",\"drawLinesBetweenPoints\":true,\"showCircles\":true}],\"addTooltip\":true,\"addLegend\":true,\"legendPosition\":\"right\",\"times\":[],\"addTimeMarker\":false},\"aggs\":[{\"id\":\"1\",\"enabled\":true,\"type\":\"count\",\"schema\":\"metric\",\"params\":{}},{\"id\":\"2\",\"enabled\":true,\"type\":\"terms\",\"schema\":\"segment\",\"params\":{\"field\":\"event.name.keyword\",\"otherBucket\":false,\"otherBucketLabel\":\"Other\",\"missingBucket\":false,\"missingBucketLabel\":\"Missing\",\"size\":20,\"order\":\"asc\",\"orderBy\":\"1\"}},{\"id\":\"3\",\"enabled\":true,\"type\":\"terms\",\"schema\":\"group\",\"params\":{\"field\":\"host.hostname.keyword\",\"otherBucket\":false,\"otherBucketLabel\":\"Other\",\"missingBucket\":false,\"missingBucketLabel\":\"Missing\",\"size\":5,\"order\":\"desc\",\"orderBy\":\"1\"}},{\"id\":\"4\",\"enabled\":true,\"type\":\"terms\",\"schema\":\"split\",\"params\":{\"field\":\"investigated.keyword\",\"otherBucket\":false,\"otherBucketLabel\":\"Other\",\"missingBucket\":false,\"missingBucketLabel\":\"Missing\",\"exclude\":\"true\",\"size\":5,\"order\":\"desc\",\"orderBy\":\"1\",\"row\":true}}]}",
      "uiStateJSON": "{}",
      "description": "",
      "version": 1,
      "kibanaSavedObjectMeta": {
        "searchSourceJSON": "{\"index\":\"58f00ff0-77af-11e8-acc8-3369216dcfa0\",\"filter\":[],\"query\":{\"query\":\"\",\"language\":\"lucene\"}}"
      }
    }
  }
]